S1	E1	S2	E2	Reference	Contig	IDY	Ambiguous	Best_group
13942	14021	1	80	ON313047.1	contig1	100.0		True
CONTIG	contig1	80	correct
26289	26367	2	80	ON313047.1	contig2	100.0		True
CONTIG	contig2	80	correct
13942	14020	1	79	ON313047.1	contig3	100.0		True
CONTIG	contig3	80	correct
26291	26369	1	79	ON313047.1	contig4	100.0		True
CONTIG	contig4	80	correct
26288	26367	1	80	ON313047.1	contig5	100.0		True
CONTIG	contig5	80	correct
26289	26370	1	82	ON313047.1	contig6	100.0		True
CONTIG	contig6	82	correct
26343	26421	1	79	ON313047.1	contig7	100.0		True
relocation, inconsistency = -21186
5242	5320	86	164	ON313047.1	contig7	100.0		True
CONTIG	contig7	164	misassembled
3103	5321	1	2219	ON313047.1	contig8	100.0		True
CONTIG	contig8	2219	correct
21956	24105	1	2144	ON313047.1	contig9	98.75		True
CONTIG	contig9	2222	correct
5284	7551	1	2268	ON313047.1	contig10	100.0		True
CONTIG	contig10	2347	correct
11555	14020	79	2544	ON313047.1	contig11	100.0		True
CONTIG	contig11	2544	correct
182	2802	1	2621	ON313047.1	contig12	99.96		True
CONTIG	contig12	2621	correct
26343	29100	1	2767	ON313047.1	contig13	99.57		True
CONTIG	contig13	2767	correct
8566	11555	80	3069	ON313047.1	contig14	99.87		True
relocation, inconsistency = 8638
20271	21950	3147	4832	ON313047.1	contig14	99.53		True
CONTIG	contig14	4949	misassembled
