S1	E1	S2	E2	Reference	Contig	IDY	Ambiguous	Best_group
26291	26369	1	79	ON313047.1	contig1	100.0		True
CONTIG	contig1	80	correct
26291	26370	1	80	ON313047.1	contig2	100.0		True
CONTIG	contig2	80	correct
26343	26421	1	79	ON313047.1	contig3	100.0		True
relocation, inconsistency = -21186
5242	5320	86	164	ON313047.1	contig3	100.0		True
CONTIG	contig3	164	misassembled
8566	11555	80	3069	ON313047.1	contig4	99.87		True
CONTIG	contig4	3127	correct
5284	8558	1	3275	ON313047.1	contig5	100.0		True
CONTIG	contig5	3352	correct
26343	29784	1	3451	ON313047.1	contig6	99.65		True
CONTIG	contig6	3499	correct
5	5321	1	5317	ON313047.1	contig7	99.94		True
CONTIG	contig7	5317	correct
21956	26369	94	4501	ON313047.1	contig8	99.28		True
relocation, inconsistency = -6097
20273	21950	4502	6185	ON313047.1	contig8	99.53		True
CONTIG	contig8	6302	misassembled
11555	20270	79	8794	ON313047.1	contig9	100.0		True
CONTIG	contig9	8894	correct
